Day,Data
1,0.620041337
2,0.625402745
3,0.434369872
4,0.054224895
5,0.058564263
6,0.707869433
7,0.624087132
8,0.450504265
9,0.682562335
10,0.940585179
11,0.708596252
12,0.877871587
13,0.891429817
14,0.471015616
15,0.741153613
16,0.097266498
17,0.525280591
18,0.168398418
19,0.767588533
20,0.436796939
21,0.234766007
22,0.20225526
23,0.717783333
24,0.329314924
25,0.408786973
26,0.407118566
27,0.683029936
28,0.118550706
29,0.141783723
30,0.392154875
31,0.475293866
